{
    "train_losses": [
        0.20584511929309338,
        0.0796589124890607,
        0.050099343540245166,
        0.03798541384604091,
        0.030780802009189378
    ],
    "val_losses": [
        0.20629577349303185,
        0.06238746610106222,
        0.06511476913181713,
        0.06978533190649555,
        0.07058298011670014
    ],
    "val_accuracies": [
        0.9444220891424243,
        0.9873304613345326,
        0.9887388453618008,
        0.9895791417142046,
        0.9902359930882666
    ]
}